Trend,Category
high vamp flats,Footwear
satin shoes,Footwear
car coat,Outerwear
royal purple,Color
powder pink,Color
scarf print top,Tops
romantic ruffles,Detail
sheer dressing,Dress
organza layers,Dress
bubble hem skirt,Skirt
barrel jeans,Bottoms
capri pants,Bottoms
lace details,Detail
charm jewelry,Jewelry
chunky necklace,Jewelry
silver jewelry,Jewelry
east west bag,Bags
doctor bag,Bags
suede bag,Bags
bowling bag,Bags
metallic accessories,Accessories
butter yellow,Color
polka dot dress,Dress
mary jane shoes,Footwear
kitten heels,Footwear
slingback heels,Footwear
ballet flats,Footwear
statement jewelry,Jewelry
pendant necklace,Jewelry
maxi skirt,Skirt
mini bag,Bags
oversized blazer,Outerwear
cropped jacket,Outerwear
boho chic,Style
quiet luxury,Style
romantic fashion,Style
coquette aesthetic,Style
dark feminine,Style
balletcore,Style
mob wife aesthetic,Style
